,contenido,reply,retweet,like
0,"Nuestro proyecto de Ley Orgánica de Libre Expresión y Comunicación garantiza un ECUADOR LIBRE.

Estamos comprometidos con el derecho a la libertad de todos los ecuatorianos. 

#GobiernoDelEncuentro
#JuntosLoLogramos",268,597,2 mil
1,"Hoy envié a la Asamblea Nacional el proyecto de Ley Orgánica de Libre Expresión y Comunicación. Estamos comprometidos con un ECUADOR LIBRE, donde el derecho a la libertad de expresión esté plenamente garantizado. 

#GobiernoDelEncuentro
#JuntosLoLogramos",498,1000,"5,1 mil"
2,Organización gubernamental de Ecuador,169,558,"4,5 mil"
3,"Hoy tuve la oportunidad de dialogar con 
@leopoldolopez
 y 
@liliantintori
, grandes líderes venezolanos comprometidos con la libertad y la democracia en la región. Agradezco su visita, Ecuador siempre tendrá sus puertas abiertas. 

#GobiernoDelEncuentro
#JuntosLoLogramos",581,880,"4,3 mil"
4,"Fue un honor recibir a representantes de 
@USembassyEC
 y 
@USAmbUN
, quien lidera la comitiva de EEUU. Estamos comprometidos con fortalecer las relaciones entre nuestros países. La cooperación es el camino para lograr bienestar en Ecuador.

#GobiernoDelEncuentro 
#JuntosLoLogramos",207,639,"2,9 mil"
5,"El principio es “no dejar a nadie atrás”, lo que pone a la inclusión de los ciudadanos como la prioridad en la gestión del #GobiernoDelEncuentro.

#JuntosLoLogramos ",368,1100,"5,8 mil"
6,"Las causas del #GobiernoDelEncuentro serán las causas de la gente. Que la voluntad del Gobierno, será la voluntad del pueblo, movido por los mismos objetivos y las mismas esperanzas. 

Nuestra intención es maximizar la capacidad para servir al Ecuador.

#JuntosLoLogramos ",262,876,"3,5 mil"
7,Fue un honor recibir al Rey Felipe VI de España. Encuentros como este son fundamentales para fortalecer la relación entre nuestros países. Nuestro objetivo es brindar oportunidades de bienestar y prosperidad para todos. ,375,1300,"8,9 mil"
8,"Hoy mantuve una reunión con el Presidente de Haití 
@moisejovenel
, quien asistirá mañana a la ceremonia de cambio de mando. Una reunión bilateral productiva, que fortalecerá la relación entre nuestros países para lograr bienestar. ",268,781,"5,7 mil"
9,"Recibiendo la carta de felicitación de la Reina Isabel II del Reino Unido, de manos del Embajador 
@HMACampbell
. Agradezco este noble gesto y reitero mi compromiso de fortalecer los lazos de amistad. ",825,3000,"14,8 mil"
10,"El Ministerio de Gobierno estará a cargo de 
@CesarMongeO
, una persona admirable y compañero de lucha incondicional. Trabajaremos incansablemente por construir un país de paz, donde todos los ecuatorianos puedan crecer seguros y con oportunidades. ",113,490,"2,2 mil"
11,"El Secretario Jurídico de la Presidencia será 
@fabianpozo
, un excelente abogado e investigador, comprometido con el futuro del Ecuador. Hoy se une al Gobierno del Encuentro para trabajar con la gente en proyectos de ley y reformas normativas que logren bienestar y prosperidad. ",210,968,"5,3 mil"
12,"El Gobierno del encuentro. 

Aquí los ministros y ministras designados, listos para empezar el camino hacia un Ecuador de oportunidades, moderno y abierto al mundo. 

¡4 días para el 24 de Mayo!",48,292,"1,4 mil"
13,"Con 
@jmerchanhaz
 iniciamos en 2008 este trabajo para elaborar un Plan de Gobierno solidario. Hoy, tengo el orgullo de anunciar que será Secretario de Planifica Ecuador. Confío en su liderazgo y capacidad para la implementación de políticas públicas efectivas para el desarrollo.",784,2600,"16,1 mil"
14,"Un compañero de ruta, quien ha dirigido el tanque de pensamiento 
@ecuadorlibre
 y la elaboración de los Planes de Gobierno, se une como Consejero Presidencial. 
@AparicioCaicedo
 es una gran guía para este proyecto político. Hoy pone sus capacidades al servicio del país.",1100.0,3800,"23,8 mil"
15,"En el Gobierno del encuentro, 
@MarceloHCabrera
 se unirá como Ministro de Transporte y Obras Públicas. Tendrá a su cargo una importante cartera de Estado para promover oportunidades de crecimiento y modernización. Impulsaremos la reactivación y obras de desarrollo. ",227,1300,"5,7 mil"
16,"Como demócrata, creo en la belleza de los sueños y su poder para inspirarnos. Creo en el derecho que tenemos a un entorno donde podamos dar lo mejor de nuestros talentos. 

En esta credencial vive la voluntad de un pueblo que se decidió por el cambio.

#ElEcuadorDelEncuentro ",77,584,"2,6 mil"
17,"Es con profunda emoción que hoy he venido hasta aquí acompañado de mi esposa María de Lourdes, mis hijos y mi familia. Muchas gracias por estar en los momentos más difíciles. Ellos han hecho este recorrido conmigo, sosteniéndome en cada paso con su apoyo incondicional.",83,538,"2,1 mil"
18,"El 47% votó por justicia económica, social y política. Por un país más equitativo y más solidario, valores y principios que compartimos. 
 
Pero no es cierto que hayan votado por la impunidad, ni por la corrupción, ni por la intromisión en decisiones judiciales.",156,1100,"4,9 mil"
19,"El 11 de Abril, Ecuador expresó su voluntad de cambiar. Muchos vinieron con el regalo de la gobernabilidad, hablaron del 47% que no votó por nosotros. Nunca aceptaré que se use a esos ecuatorianos y sus justísimos anhelos como moneda de cambio en un trueque político.",1100.0,5700,"26,4 mil"
20,"Las credenciales de Presidente de la República representan sueños, ideas y la confianza de todo un país que anhela bienestar. 

Estoy aquí, dispuesto a trabajar con el mismo idealismo que ha guiado mi lucha desde la niñez.

¡ECUADOR DECIDIÓ CAMBIAR! ",125,620,"3,6 mil"
21,"Hoy celebramos la exitosa culminación de un proceso electoral que se llevó a cabo de forma eficiente. Agradezco a las instituciones involucradas y a cada ecuatoriano que ejerció su derecho al voto. Como ciudadano, les digo GRACIAS de corazón por esta jornada democrática. ",67,363,"2,1 mil"
22,"En #ElEcuadorDelEncuentro vamos a crear oportunidades para lograr la prosperidad de todas las familias ecuatorianas. 

Nuestra meta es un país moderno, con libertad para emprender, atraer inversión y generar empleo. ",120,663,"3,8 mil"
23,"Pronto empezamos el recorrido hacia un mejor Ecuador, uno con empleo, bienestar y seguridad para todos. 

¡El cambio lo logramos juntos! ",792,2800,"18,8 mil"
24,Nuestras más sinceras condolencias a la familia de Juan Eljuri por esta dolorosa pérdida. Que en paz descanse.,135,709,"5,1 mil"
25,"Desde el Ministerio de Salud Pública, 
@XimenaGarzon11
 trabajará por vacunar a los ecuatorianos y fortalecer la atención en hospitales y centros de salud a nivel nacional. 

El sistema de salud en Ecuador será eficiente y transparente.  

#EncontrémonosPorLaSalud",96,305,"2,8 mil"
26,"Los ministros del Frente Social tienen como objetivo mejorar la calidad de vida de los ecuatorianos bajo una visión de bienestar y solidaridad. 

En el Ecuador del encuentro, dialogamos y trabajamos por el cambio. ",405,858,7 mil
27,"Hoy recuerdo con mucho cariño a mi mamá Nora Mendoza. Estoy agradecido por todas sus enseñanzas y el amor incondicional. Asimismo, celebro a María de Lourdes, la luz y guía de nuestras vidas, a mi hija Luli, a mis nueras y a todas las madres de mi familia. 

#DíaDeLaMadre",816,1100,"6,9 mil"
28,"Expresamos nuestras más sinceras condolencias al Asambleísta 
@MarceloSimbana
 y a sus familiares por la dolorosa pérdida de su padre Abdón Simbaña. Que Dios lo tenga en su gloria y que descanse en paz.",271,514,"2,9 mil"
29,"Trabajaremos desde la Secretaría de DDHH junto a 
@BernardaOM
 para:

 Luchar contra la violencia hacia las niñas y mujeres
 Aplicar políticas públicas que impulsen la economía violeta
 Fortalecer la educación, salud y justicia 
 La plena vigencia de todos los DDHH",693,778,4 mil
30,"Como gobierno, las puertas siempre estarán abiertas. Fortaleceremos la relación con los ciudadanos a través de la transparencia de la información, canales abiertos de comunicación y un servicio de calidad. Lucharemos por el bienestar de todos los ecuatorianos. ",108,274,"1,2 mil"
31,"Desde el Ministerio de Inclusión Económica y Social, 
@maemontanov
 tendrá las siguientes prioridades: 

 Protección y movilidad social 
 Combatir la desnutrición crónica infantil 
 Apoyo integral a mujeres en emprendimiento, conciliación familiar y corresponsabilidad",527,525,"2,4 mil"
32,"La función pública nos llama a ser ejemplares, a conversar abiertamente con la ciudadanía y a incluir sus ideas y propuestas. En este gobierno, la transparencia y la profunda vocación de servicio regirán el trabajo. 

¡Este es el Ecuador del encuentro! ",234,338,"1,9 mil"
33,".
@mariabrownp
 será la Ministra de Educación. 

Trabajaremos incansablemente por el acceso a oportunidades educativas en todos los niveles. Los niños y jóvenes del Ecuador tendrán educación de calidad. ",160,281,"1,5 mil"
34,"Vamos a reemplazar la institución con una nueva secretaría de vanguardia, en línea con los más exitosos modelos de gestión educativa.",106,259,"1,5 mil"
35,"Alejandro Ribadeneira estará a cargo de la Secretaría de Educación Superior, Ciencia, Tecnología e Innovación. 

Facilitaremos el acceso de los jóvenes a las universidades, para que tengan libertad de estudiar y seguir sus vocaciones.",94,235,"1,4 mil"
36,Desde la Presidencia tendremos una Unidad Coordinadora de Vacunación dirigida por un empresario ecuatoriano que asumirá la tarea de apoyar al sistema de salud y al gobierno en el proceso de vacunación.,121,235,"1,1 mil"
37,"Para nuestro gobierno será un honor contar con el liderazgo y preparación de la Dra. 
@XimenaGarzon11
 en el Ministerio de Salud. 

Tenemos el reto más grande y noble: salvar el futuro de un país entero. Estamos seguros que lo vamos a lograr, la salud de las familias es prioridad.",142,285,"1,3 mil"
38,"En la Secretaría del Deporte, que pronto será llamado Ministerio del Deporte, estará a cargo 
@SebasPalaciosSP
. 

El deporte es un factor de Encuentro en la sociedad. Con su liderazgo, implementaremos proyectos que impulse a los héroes deportivos del presente y del futuro.",90,222,1 mil
39,".
@maemontanov
 va a liderar el Ministerio de Inclusión Económica y Social. 

Atenderá a los ecuatorianos más necesitados, aquellos que se encuentran en situación de vulnerabilidad. Trabajará por erradicar la desnutrición infantil, la pobreza y el hambre.",117,228,"1,1 mil"
40,"Desde sus espacios, ellos se han dedicado a crear oportunidades y a luchar cada día por un mejor futuro. El Ecuador nos llama a ser funcionarios ejemplares. Como gobierno, tenemos la oportunidad de demostrar que la buena política puede lograr bienestar y seguridad para todos.",61,207,1 mil
41,"El país se expresó a favor de una nueva forma de hacer política, una que pone a los ciudadanos en el centro del servicio público, y a la que nosotros denominamos el Ecuador del Encuentro. Hoy presento a los ministros del Frente Social, ciudadanos comprometidos con el cambio. ",43,176,787
42,"Gracias 
@SecBlinken
 por su compromiso con la prosperidad y el bienestar del pueblo ecuatoriano. La cooperación entre nuestros países es fundamental para el desarrollo de la región. Estados Unidos y Ecuador trabajarán en conjunto para fortalecer sus relaciones.",66,198,748
43,"Thank you 
@SecBlinken
 for your commitment to the prosperity and well-being of the Ecuadorian people. Cooperation between our countries is essential for the development of the region. The United States and Ecuador will work together to strengthen their relations.",124,300,"1,2 mil"
44,"Ganó el Ecuador, la democracia, la libertad y las oportunidades.

Nos espera un gran futuro. Debemos trabajar de la mano, juntos, para salir adelante. El cambio real empieza por nosotros. ",156,461,2 mil
45,"Felicidades a los habitantes de El Oro, son 137 años de Provincialización. 

Tienen mi compromiso de trabajar en el desarrollo local, la reactivación económica y la prosperidad de toda la provincia. Saludos. ",144,345,"1,3 mil"
46,"Bolívar cumple 137 años de Fundación. 

Un saludo fraterno a todas sus familias en este maravilloso día. Juntos haremos de Bolívar una provincia próspera, con empleo, salud y oportunidades de bienestar para todos.",686,1000,"6,4 mil"
47,"El cambio está en nuestras manos. 

#DíaDeLaTierra",331,677,5 mil
48,"Seguimos trabajando en el proceso de transición.  

En nuestro gobierno contaremos con ciudadanos valiosos y comprometidos con el Ecuador y el bienestar de las familias. Juntos construimos un país de oportunidades. ",253,545,"2,4 mil"
49,"Agradezco la bienvenida en la Casa de Nariño y la disposición a fortalecer las relaciones entre nuestros países. Es motivo de celebración para colombianos, ecuatorianos y América Latina este encuentro que logrará un verdadero cambio.",465,766,"3,7 mil"
50,"A Colombia y Ecuador los une la democracia, la libertad, la igualdad de oportunidades y la seguridad. La cooperación es fundamental para el desarrollo de la región. Con el Presidente 
@IvanDuque
 trazaremos una hoja de ruta que guiará el trabajo durante nuestra gestión.",400,639,"3,2 mil"
51,"Acabamos de llegar a Bogotá. Nuestra siguiente parada es la Casa de Nariño para el primer encuentro con el Presidente 
@IvanDuque
. Temas importantes: seguridad, comercio y cooperación bilateral.",142,427,"2,2 mil"
52,"Me siento con mucho optimismo. Sé que hemos pasado momentos difíciles como país, pero los ecuatorianos demostramos una y otra vez que trabajando juntos podemos salir adelante. Vienen mejores días, llenos de esperanza, crecimiento y bienestar para todos.

El cambio ya llegó. ",186,464,"2,5 mil"
53," Disposición a trabajar de forma ordenada y pacífica

Tenemos el compromiso de trabajar en beneficio de los ecuatorianos. En las próximas semanas informaré de los avances de este proceso que enriquece a nuestra democracia y al país. Les mando un fuerte abrazo. ",107,317,"1,7 mil"
54,"Les contaré un breve resumen del inicio del proceso de transición:

 A partir del lunes, se iniciarán las Comisiones Bilaterales de cada ministerio, donde se irá recibiendo la información detallada de cada cartera de Estado

 La principal urgencia es el Plan de Vacunación",153,371,"1,7 mil"
55,"Agradezco a los quiteños que nos recibieron con mucho entusiasmo. Fue un gusto compartir con ustedes. 

Seguimos encontrándonos y trabajando por un mejor Ecuador. ",698,848,4 mil
56,"A 5 años del terremoto del #16Abril, no hay un proceso serio y transparente de reconstrucción y reparación con las familias afectadas. Manabí y Esmeraldas son prioridad en nuestra gestión. La solidaridad que nos unió como país en la tragedia, debe estar más presente que nunca.",668,865,"6,7 mil"
57,Ecuador necesita que sigamos encontrándonos. Nuestro Plan de Gobierno tiene como objetivo lograr un verdadero cambio para el bienestar de las familias. Les comparto 10 de las propuestas que serán prioridad durante nuestra gestión. ,248,702,"3,4 mil"
58,"Fondo Semilla es una iniciativa para apoyar el espíritu emprendedor de jóvenes, mujeres y cada ecuatoriano con un sueño de salir adelante. La libertad es el camino para emprender, innovar y crear empleo. 

Los mejores días están cerca para los emprendedores en Ecuador. ",216,590,"2,5 mil"
59,"Hoy en 
@Expresoec
 conversamos de lo que será nuestra gestión, pronto podrán ver la entrevista.

Seguimos trabajando para fortalecer el Ecuador del encuentro. ",496,959,"6,2 mil"
60,Sabemos que el arte y la cultura fueron golpeados por la pandemia. El cambio ya llegó y desde ya estamos trabajando. Quiero que tengan la certeza de que cuentan con apoyo integral. Aquí encontrarán unas de nuestras propuestas para ustedes: https://guillermolasso.ec/wp-content/uploads/2021/03/Lasso-Plan-Economia-Naranja.pdf…,377,749,"4,4 mil"
61,"En el #DíaMundialDelArte agradezco a todos los artistas que con sus canciones nos alegraron, a los profesionales que aportaron a las propuestas de economía naranja y a las iniciativas ciudadanas que a través del arte y la cultura se unieron al Ecuador del ENCUENTRO. ",1000.0,3300,"16,3 mil"
62,Gracias por su apoyo. No los voy a defraudar. ,247,317,2 mil
63,"We thank you 
@SecBlinken
 for your best wishes. Ecuador and The United States need to work together in areas of health, development and economic recovery. We hope that the pursuit of prosperity continues to strengthen the relationship between both countries.",801,873,"7,2 mil"
64,"En Ecuador hay hambre, pobreza, falta de empleo, desnutrición crónica infantil y varias crisis por enfrentar. Nuestro Plan de Gobierno apunta a solucionar estos problemas y superar los desafíos de nuestro país con entereza y decisión. 

: 
@NTN24Zoom
.",194,449,3 mil
65,"Tenemos que poner en orden la economía y crear oportunidades para los ecuatorianos y los extranjeros que viven en el país. Hay que ser gratos con el mundo y coherentes, debemos solidarizarnos con las familias que han venido a Ecuador en busca de una vida mejor.

: 
@NTN24Zoom
.",199,246,"1,3 mil"
66,"El Ecuador del encuentro continuará en los 4 años de gobierno. Extenderé mi mano a todos los líderes políticos y a la sociedad ecuatoriana para lograr una verdadera unidad. La diversidad es necesaria para llevar a cabo un excelente proceso de gobernabilidad. 

: 
@NTN24Zoom
.",197,253,"1,5 mil"
67,"Es una muy buena noticia para Ecuador que haya bajado el riesgo país. Ahora tenemos que trabajar para que el riesgo país baje aún más.

Vamos a atraer inversión y crear empleo en todos los sectores de la economía ecuatoriana. 

#JuntosLoLogramos",126,363,4 mil
68,Estados Unidos y Ecuador volverán a ser grandes aliados. Trabajaremos en conjunto para lograrlo bajo una visión de progreso y bienestar.,107,433,"2,5 mil"
69,"Gracias Presidente 
@alferdez
 por sus buenos deseos. Que el desarrollo, el progreso y la libertad sigan uniendo a la región.",104,207,1 mil
70,"En el #DíaDelMaestro quiero agradecer a todos los docentes ecuatorianos por su incansable labor. Es una profesión que cambia la vida de niños y jóvenes cada día y merece respeto, reconocimiento y apoyo integral. Vamos a fortalecer la educación y a garantizar sus derechos.",1100.0,1000,"17,3 mil"
71,"Muchas gracias Presidente 
@sanchezcastejon
 por sus palabras. Ecuador y España continuarán siendo grandes aliados para superar los desafíos y las crisis que enfrentamos. Un saludo.",137,223,960
72,"Felicito a Cuenca y a todos los cuencanos por 464 años de Fundación. Les mando un fuerte abrazo y ratifico mi compromiso con el desarrollo local, la reactivación económica, la protección de derechos y un futuro con oportunidades para la ciudad.

¡QUE VIVA CUENCA!",541,880,"4,6 mil"
73,"Nos escuchamos y reafirmamos que podemos ser un solo Ecuador.

Trabajaremos juntos desde ya por el verdadero cambio. Hoy amanecemos en paz y con la certeza de que vienen mejores días para todos. Seré el Presidente de los 17 millones de ecuatorianos. ",384,265,"1,4 mil"
74,"Muchas gracias Presidente 
@luisabinader
 por su mensaje y compromiso con fortalecer la relación entre República Dominicana y Ecuador. Este es el momento de impulsar el desarrollo de la región y de nuestros países. ¡Juntos lo lograremos!",62,158,765
75,"Gracias 
@Almagro_OEA2015
. La cooperación internacional es fundamental para el avance de la democracia en América Latina. Será un honor poder servir a los ecuatorianos.",182,457,"2,9 mil"
76,"Muchas gracias 
@jguaido
 por sus buenos deseos. Hoy es un gran día para la libertad en toda la región. Los venezolanos tienen todo nuestro respaldo para recuperar la democracia y nuestro compromiso de aliviar la crisis humanitaria que enfrentan en el mundo.",213,417,"1,9 mil"
77,"Le agradezco sus palabras Presidente 
@NitoCortizo
. Panamá y Ecuador fortalecerán sus relaciones trabajando de la mano por el progreso de nuestra región. Un saludo a todas las familias panameñas. ",222,390,"2,1 mil"
78,"Gracias Presidente 
@LuisLacallePou
. Este triunfo es por todos los latinoamericanos. Uruguay y Ecuador trabajarán juntos para fortalecer el comercio, reactivar la economía de la región y asegurar el bienestar de cada habitante en América Latina.",137,159,892
79,"Este 11 de Abril, el ECUADOR ES PRIMERO. 

Necesitamos de ti para construir ese país que tanto soñamos y queremos para las futuras generaciones, uno con empleo, salud, bienestar y seguridad. 

#JuntosLoEstamosLogrando",28,54,501
80,"Me emociona tanto apoyo de los ecuatorianos. Con nuestro voto tenemos el instrumento más poderoso para que se cumplan nuestros sueños. 

Este domingo 11 de abril, encontrémonos por el Ecuador.

#QueTuVozCuenteEstaVez
#JuntosLoEstamosLogrando",235,288,"1,8 mil"
81,"Es para mí un motivo de agradecimiento que cientos de ecuatorianos nos hayan acompañado al pie del Río Guayas, para con entusiasmo llevar nuestro mensaje del Ecuador del encuentro. 

La diversidad es una de las mayores riquezas de la vida. Hoy, frente a Guayaquil, lo demostramos.",843,1000,"6,3 mil"
82,"Estimadas 
@EcMujeres
, quiero compartirles el Compromiso que firmé por los derechos de las niñas y mujeres. Es un compromiso que cumpliré. Además destinaré todos los recursos necesarios para implementar la Ley para prevenir y erradicar la violencia contra las mujeres.",473,307,"1,5 mil"
83,"CIERRE DE CAMPAÑA EN GUAYAQUIL. 

Los invito a este encuentro por el Ecuador desde mis redes sociales a la 1:00 PM. ¡EL CAMBIO VIENE! 

FB: https://facebook.com/LassoGuillermo/videos/472190753922669/…
YT: https://youtu.be/k_kyNzLz8a8

#JuntosLoEstamosLogrando 
#EncontrémonosParaLograrlo",755,737,"4,4 mil"
84,"En 3 días, nos unimos por el cambio. 

¡Juntos lo lograremos!

#JuntosLoEstamosLogrando 
#EncontrémonosParaLograrlo",212,407,4 mil
85,"Este es el Ecuador del encuentro. 

El cambio está cerca y el país nos necesita más unidos que nunca para lograrlo. 

#JuntosLoEstamosLogrando
#EncontrémonosParaLograrlo",471,960,"8,3 mil"
86,"Quiero un país donde todos los ecuatorianos tengan una vida digna, con un trabajo estable y seguridad social. Nuestro gran reto es construir un mejor país para ti y tu familia. 

GRACIAS CAÑAR, gracias Azogues. Los mejores días están cerca. 

#JuntosLoEstamosLogrando",115,250,"1,2 mil"
87,"Esta elección se trata del campo y la ruralidad, de los agricultores y ganadores que trabajan sin descanso, de la falta de educación, de los médicos rurales y cada comunidad que ha sido abandonada. 

Este 11 de Abril, nos encontramos por ustedes. 

#JuntosLoEstamosLogrando",38,92,551
88,"Faltan 5 días para que hagamos historia juntos. 

#JuntosLoEstamosLogrando",63,157,1 mil
89,"¡Hemos recorrido todas las provincias de la Amazonía! Ayer en Zamora Chinchipe sentí más que nunca las ganas de trabajar unidos por el cambio.

GRACIAS, mil veces gracias por su apoyo. Estamos aquí por ustedes y para lograr juntos un mejor Ecuador. 

#JuntosLoEstamosLogrando ",15,26,118
90,"Juntos podemos más. 

Todos los logros de mi vida significan muy poco comparados con el honor de servirlos. 

Este 11 de Abril, les pido de todo corazón que nos den esa oportunidad, votando por nosotros.

#JuntosLoEstamosLogrando 
#EncontrémonosParaLograrlo",949,1400,"11,5 mil"
91,"Cuento con ustedes para lograr juntos este gran cambio. 

#JuntosLoEstamosLogrando ",109,217,"2,4 mil"
92,"Juntos estamos logrando un verdadero cambio. EL PAÍS ES PRIMERO. 

Gracias por ser parte del Ecuador del encuentro. 

#EncontrémonosParaLograrlo",131,211,971
93,"MANABÍ CON EDUCACIÓN SUPERIOR Y DE CALIDAD. 

En la provincia los jóvenes sueñan con libertad para estudiar la carrera que ellos quieran. En el Ecuador del encuentro, ampliaremos la oferta universitaria, con carreras en línea y técnicas. ¡GRACIAS! 

#EncontrémonosParaLograrlo",82,125,844
94,"En Esmeraldas y en el Ecuador, #TodosConLasso. 

Los mejores días están cerca para los esmeraldeños con bienestar, trabajo y seguridad. Mi compromiso con la provincia es firme, garantizaremos sus derechos y libertades. ¡Gracias por la apertura! 

#EncontrémonosParaLograrlo",77,198,"1,3 mil"
95,"El PLAN EQUIDAD RURAL ofrece a los agricultores:

 Asociatividad y mejores precios 
 Capacitación y asistencia técnica 
 Riego parcelario y maquinaria gratuita
 Salud, educación y vivienda  

¡Encontrémonos por el desarrollo de la agricultura!

#EncontrémonosParaLograrlo",316,363,"2,4 mil"
96,"Hoy, desde Esmeraldas, me comprometo a que en mi Gobierno crearemos la Secretaría Técnica del Decenio Para Los Afrodescendientes para garantizar la resolución de la ONU que promueve el ejercicio de los derechos y las libertades del pueblo afrodescendiente.",188,218,"1,3 mil"
97,"Daremos capital y capacitaciones a emprendedores a través de la iniciativa Fondo Semilla. Miles de ecuatorianos tendrán sus propios negocios y serán generadores de empleo. 

¡Juntos lo estamos logrando! 

#EncontrémonosParaLograrlo",326,552,"3,3 mil"
98,"Muchas gracias a los recicladores, al colectivo Frente Al Ambiente, organizaciones de la sociedad civil y a los vecinos de Solanda por entregarnos sus propuestas para lograr bienestar. 

De eso se trata el Ecuador del encuentro, de trabajar unidos. 

#EncontrémonosParaLograrlo",133,680,"4,7 mil"
99,"Es urgente un Ecuador con respeto a la diversidad, un país donde todos vivan seguros. 

Lucharemos por la igualdad de oportunidades para la población trans y los ecuatorianos LGBTIQ+ en el trabajo, en centros educativos, en el campo y las ciudades. 

#DíaDeLaVisibilidadTrans",1000.0,1100,"8,9 mil"
100,"Hace un año con 
@SalvarVidasEC
 empezamos a llevar insumos médicos a hospitales y centros de salud en los 221 cantones del Ecuador. 

Muchas gracias a los ecuatorianos que se han unido a esta causa. Nuestra labor para salvar vidas continúa.  

#EncontrémonosParaLograrlo",33,51,774
101,"El Plan #EcuadorEsDeporte tiene 3 ejes: deporte como forma de vida, ecosistema y generador de referentes. ¡Juntos lo vamos a lograr! 

Gracias a todos los participantes y a 
@SebasPalaciosSP
 por impulsar este encuentro por el deporte. 

#EncontrémonosPorElDeporte",530,786,"6,8 mil"
102,"El deporte es bienestar. En Quito recibimos el Plan #EcuadorEsDeporte, hecho por la sociedad civil, deportistas y expertos. En el país hay talento inigualable que necesita apoyo y estas propuestas son el camino. 

Tienen mi compromiso para lograrlo, #EncontrémonosPorElDeporte. ",586,811,"7,8 mil"
103,"Agradezco a la 
@feupeecuador
 y 
@FepeNacional
 por impulsar este espacio para conversar de educación superior. 

Seguimos encontrándonos por los jóvenes, para que tengan acceso a una educación de calidad, becas, internet gratuito y LIBERTAD DE ESTUDIAR.

#EncontrémonosParaLograrlo",696,636,"4,1 mil"
104," Los invitamos a conectarse desde la Página oficial de 
@feupeecuador
 en Facebook. Al conversatorio con 
@LassoGuillermo
.
#YparaLasUniversidadesQué 
 Esperamos aceptación del próximo conversatorio con 
@ecuarauz
#YparaLasUniversidadesQué
Las IES particulares del país ¡PRESENTES!",73,205,"1,2 mil"
105,"Como padres y madres, nuestra razón de luchar es el futuro de nuestros hijos. 

Garantizaremos que los jóvenes vayan a la universidad y sean grandes profesionales. 

#EncontrémonosParaLograrlo",204,524,"2,3 mil"
106,"A todos los emprendedores ecuatorianos: sueñen y emprendan. Nosotros impulsaremos su liderazgo con menos trabas y más libertad. Muchas gracias a la 
@aeiecuador
 y 
@Hora25Ec
 por promover este encuentro. 

#EncontrémonosParaLograrlo",422,814,"5,3 mil"
107,"Asumo el compromiso con la 
@aeiecuador
 de impulsar el emprendimiento. Trabajaremos con la sociedad civil para apoyar a los emprendedores y a la innovación. En mí van a encontrar a un Presidente que promoverá la libertad para emprender y el empleo.

#EncontrémonosParaLograrlo",229,642,"2,6 mil"
108,"En nuestro gobierno, todos los jóvenes tendrán la oportunidad de estudiar la carrera que ellos quieran.

Garantizar el derecho a la educación es apoyar la libertad para estudiar.

: ⁦
@aeiecuador
⁩, ⁦
@Hora25Ec
⁩.

#EncontrémonosParaLograrlo",183,583,"2,9 mil"
109,"¡Continuamos nuestro recorrido en Los Ríos!

Aumentaremos los ingresos de las familias en Mocache con trabajos bien remunerados, iniciativas de emprendimiento y créditos baratos. Sueñan con un futuro seguro y lo vamos a lograr. 

Gracias por recibirnos en su hogar. ",519,1100,"6,2 mil"
110,"La violencia hacia las mujeres en el campo y la ruralidad es grave. No podemos quedarnos con los brazos cruzados ante lo que atraviesan cada día. 

La lucha por la igualdad y la erradicación de la violencia serán políticas de Estado.

#EncontrémonosParaLograrlo",12,110,644
111,"En Puerto Bolívar nos encontramos junto a varios Alcaldes de El Oro, donde conversamos de creación de empleo, el futuro del agro y la reactivación económica.

Gracias por la apertura. Es necesario escucharnos por el bienestar de los orenses.  

#EncontrémonosParaLograrlo",106,268,"1,9 mil"
112,"La única reunión que he mantenido con Yaku Pérez fue pública, transparente y los únicos temas que tratamos fueron los que conocieron todos los ecuatorianos. Ese es el espíritu democrático de quienes queremos un verdadero cambio, diálogo y transparencia.",202,946,"6,3 mil"
113,"El Guabo es hogar de miles de agricultores en El Oro. Compartimos con bananeros el PLAN EQUIDAD RURAL, que ofrece al agro:

 Acceso a créditos baratos
 Asistencia técnica 
 Educación, salud, vivienda y seguridad 

Encontrémonos por más productos agrícolas competitivos. ",83,228,1 mil
114,"En Pichincha tuvimos maravillosos encuentros con miembros de comunidades indígenas y representantes de cooperativas de ahorro y crédito. En la tarde compartimos con jóvenes. 

TODOS queremos un Ecuador con bienestar, #EncontrémonosParaLograrlo. 

¡GRACIAS! ",258,357,"2,7 mil"
115,"Nos reunimos con el Secretario del Estado de Maryland y conversamos sobre futuras capacitaciones de manejo de crisis y desastres para nuestros médicos y militares. Maryland tiene la Academia Naval más grande del país y el mejor hospital de Estados Unidos, Johns Hopkins Hospital.",87,218,"1,3 mil"
116,"Los ecuatorianos ponemos la familia en el corazón como motor para luchar. 

Por eso crearemos empleos bien pagados que apoyen a la economía de los hogares. Padres y madres con trabajo logran bienestar, seguridad y felicidad.

#EncontrémonosParaLograrlo",140,265,"1,5 mil"
117,El trabajo honesto te lleva al éxito.,194,458,"2,3 mil"
118,"ENCONTRÉMONOS POR EL ECUADOR. 

#EncontrémonosParaLograrlo",100,254,"1,7 mil"
119,"El agua es un recurso que debe ser valorado y consumido conscientemente. Es vital y urgente protegerlo para que todos los ecuatorianos accedan a agua limpia y de calidad. 

¡AGUA PARA EL ECUADOR! 

#EncontrémonosParaLograrlo
#DíaMundialDelAgua",519,1100,"6,2 mil"
120,"Iniciamos el día en 
@ecuavisa
 y una cadena con radios de la Costa. Esta semana continuaremos encontrándonos con ecuatorianos en todo el país para lograr juntos un verdadero cambio. 

¡Feliz lunes! Faltan 20 días para las elecciones. 

#EncontrémonosParaLograrlo",41,134,1 mil
121,"Encontrémonos por un Ecuador democrático, libre, con bienestar y felicidad para todos. 

#EncontrémonosParaLograrlo",36,111,875
122,Muchas gracias a los ecuatorianos detrás de escena de la organización del debate. Son unos grandes. ,41,118,924
123,"Muchos jóvenes quieren emprender, pero se encuentran con trabas. No es justo que tengan que pagar impuestos antes de vender. Apoyar su espíritu emprendedor es el camino para crear empleos y reactivar la economía del Ecuador. 

#EncontrémonosParaLograrlo",103,477,"2,8 mil"
124,"Mañana a las 8:00 PM los invito a la transmisión EN VIVO desde mis redes sociales del debate presidencial organizado por el 
@cnegobec
. 

A debatir con ideas y propuestas. ¡Los espero! 

FB: https://facebook.com/LassoGuillermo/posts/5247806791927188…
YT: https://youtu.be/RPL1mOH3Zm4

#EncontrémonosParaLograrlo",225,541,"3,1 mil"
125,"Debatamos con ideas y propuestas. Los espero en #EcuadorDebate2021. 

https://vm.tiktok.com/ZMeAN68KT/",170,467,"3,7 mil"
126,"Encontrémonos por un Ecuador seguro, justo e igualitario para todas las niñas y mujeres. 

#EncontrémonosParaLograrlo",47,175,"1,3 mil"
127,"Reitero mi posición de exigir transparencia y solidaridad en el proceso de vacunación. Nadie de mi familia, ni mi equipo de campaña se ha vacunado.",106,290,"1,5 mil"
128," Acceso a créditos baratos 
 Rehabilitar y construir institutos educativos 
 La protección de la naturaleza y fuentes hídricas 
 Hospitales y centros de salud 

Un saludo especial a las comunidades y gracias a las radios que se unieron hoy. 

#EncontrémonosPorLaAmazonía",749,796,"6,5 mil"
129,"Mi solidaridad con la Amazonía, que se ha visto afectada por las lluvias e inundaciones, y las cenizas del volcán Sangay. En una cadena radial con todas las provincias de la región, nos encontramos por:

 Fortalecer la gestión de riesgos 
 La seguridad ante amenazas naturales",39,109,658
130,"Hoy ha sido un día maravilloso, un día de reencuentro con una gran amiga, 
@maemontanov
, muy valiosa, ella y su movimiento Cambio Ciudadano apoyarán nuestra campaña para lograr ese Ecuador Libre y Democrático que todos aspiramos. ",84,208,"1,2 mil"
131,Mostrar este hilo,135,335,"2,1 mil"
132,"Aquí mi COMPROMISO FIRMADO por las MUJERES Y NIÑAS.

Para ser el país moderno, desarrollado y próspero que queremos, es fundamental que resolvamos la inequidad, discriminación y violencia que soporta el 50% de nuestra población, las niñas y mujeres.

#EncontrémonosParaLograrlo",315,695,"5,9 mil"
133,"Francisco, planteamos capacitación a la Policía y la Fiscalía sobre crímenes de odio contra personas LGBTIQ+ para que exista un adecuado tratamiento e investigación de estos terribles delitos que no deben darse. Queremos un Ecuador sin discriminación. 

#EncontrémonosParaLograrlo",159,504,"2,9 mil"
134,"Es hora de pasar de la indignación a la acción, y ser parte de la lucha por la igualdad. Encontrémonos con las mujeres, para crear más espacios de participación y empoderamiento. 

Este encuentro es por un Ecuador seguro, más justo e igualitario. #EncontrémonosParaLograrlo ",74,453,"2,6 mil"
135,"Hoy nos encontramos por el Ecuador.

Estamos ante la oportunidad histórica de cambiar para bien y lograr un país donde haya trabajos bien pagados, salud y educación de calidad, equidad, protección de la naturaleza y bienestar para todos. 

#EncontrémonosParaLograrlo ",112,362,"1,6 mil"
136,"Hoy a las 20h00 compartiremos nuestras propuestas con distintos sectores de la sociedad civil. Los espero en una transmisión EN VIVO a través de mis redes sociales. 

ENCONTRÉMONOS PARA LOGRARLO.",29,189,"1,2 mil"
137,"Luchar para que los más vulnerables sean vacunados prioritariamente es un sentimiento que nos une a todos. En nuestro gobierno, la vacunación será un proceso transparente y sin privilegios, con responsabilidad y sin descanso. Sin divisiones y encontrándonos por el mismo objetivo.",74,373,"2,3 mil"
138,"Hoy a las 20h00 compartiremos nuestras propuestas con distintos sectores de la sociedad civil. Los espero en una transmisión EN VIVO a través de mis redes sociales. 

ENCONTRÉMONOS PARA LOGRARLO. ",397,1200,"8,4 mil"
139,Mi solidaridad y apoyo a quienes han sufrido ataques por pensar diferente. Mi propuesta es encontrarnos entre ecuatorianos con una causa común: el amor por nuestro país. Unidos no volverá jamás el odio ni la intolerancia.,324,623,"4,6 mil"
140,"Fue un gusto compartir con la Asociación de Productores Agrícolas Autónomos en Santa Lucía. 

Conversamos sobre riego parcelario, semillas gratuitas, créditos baratos e incentivos para el comercio y la inversión. 

Encuentros como este fortalecen a la agroindustria, GRACIAS. ",108,269,"2,1 mil"
141,"Esta es la realidad del campo: preocupación, maestros que gastan sus recursos y escuelas cayéndose. FALTA INFRAESTRUCTURA Y SERVICIOS BÁSICOS. 

Hoy nos encontraremos con ecuatorianos que lo viven cada día, para lograr soluciones y un cambio verdadero en la educación rural.",220,521,"3,6 mil"
142,"Gracias por acompañarme en este camino a escuchar y fortalecer las propuestas que nos llevarán a un Ecuador de progreso. 

#EncontrémonosParaEscucharnos",140,542,"5,1 mil"
143,"Nos reunimos con 
@CongopeEcuador
, el consorcio de los GADs provinciales que impulsa el desarrollo de las provincias. Trabajaremos en rehabilitar carreteras y caminos vecinales, apoyo al sector agropecuario y pesquero, y proyectos de agua potable y alcantarillado.",390,1700,"9,3 mil"
144,"En Ecuador hay capacidad para emprender y mujeres líderes que cambian al mundo cada día con su trabajo. 

Ofreceremos talleres gratuitos sobre administración de negocios y acceso a financiamiento para impulsar los emprendimientos. 

#EncontrémonosParaLograrlo",249,374,"3,2 mil"
145,"Hoy 
@LassoGuillermo
 atendió la invitación que le extendió 
@AMEcuador
 para dialogar acerca de sus ideas y propuestas para fortalecer y coordinar esfuerzos con todos los municipios para así beneficiar a todos los ciudadanos del Ecuador.",361,937,"6,1 mil"
146,"Encontrémonos con las mujeres, para crear más espacios de participación y empoderamiento que promuevan su liderazgo. 

Las mujeres ya son líderes. Estas son unas de nuestras propuestas para que sigan cambiando el mundo. 

#EncontrémonosParaLograrlo",232,514,"3,3 mil"
147,"Muchas mujeres no pueden acceder a las carreras que quieren seguir; encontrémonos para que estudien y trabajen donde deseen y no les digan nunca más que algún trabajo no es para ellas.

Impulsaremos carreras de tecnología con programas de capacitación. #EncontrémonosparaLograrlo",269,660,"5,4 mil"
148,"Les comparto la ruta por la vacunación del Dr. 
@ABorreroVega
. Su última parada fue EEUU y continuará su recorrido para cumplir nuestra meta de vacunar a los ecuatorianos. 

Los mantendremos al tanto de esta gira por la salud. 

#EncontrémonosPorLaSalud",1200.0,2500,"20,9 mil"
149,"Gracias a la Asociación Ecuatoriana de Radiodifusión por este espacio para encontrarnos con los ecuatorianos a través de las más de 170 radios que se enlazaron esta mañana a la cadena nacional.

¡Sigamos encontrándonos para escucharnos! 

#EncontrémonosParaEscucharnos",220,555,"3,3 mil"
150,"La vacunación es fundamental para la salud de las familias. El Dr. 
@ABorreroVega
 ya se encuentra conversando con farmacéuticas, y aprendiendo de países como Chile, Colombia y EEUU para cumplir nuestra meta. La clave es negociar y conseguir la vacuna.

: Cadena Nacional AER.",676,1900,"10,6 mil"
151,"El empleo y el emprendimiento son claves para reactivar la economía y sacar adelante a las familias. Esto es posible con un Ecuador que genere confianza y certidumbre, y que tenga una moneda fuerte. Un país que desdolariza no atrae inversión. 

: Cadena Nacional AER.",422,1000,"4,3 mil"
152,"Conocer la realidad de las mujeres es nuestro deber; no podemos quedarnos de brazos cruzados siendo testigos de estas injusticias.

#EncontrémonosParaEscucharnos y construir un mejor Ecuador.",139,426,"2,3 mil"
153,"Hoy, en un encuentro con la Directiva del Honorable Cuerpo Diplomático del Ecuador, conversamos sobre las propuestas económicas, sociales e institucionales que fortalecerán las relaciones internacionales. 

Gracias por recibirnos. Mi prioridad es el bienestar de los ecuatorianos.",195,371,"3,2 mil"
154,"Gracias a 
@WQRadio_Ec
 por la invitación a este programa especial con grandes periodistas ecuatorianas. Fue un gusto compartir esta mañana con María Josefa Coronel, Verónica Landetta, Blanca Chiquito, Belén Goncalvez y Mónica Orellana.

#EncontrémonosParaEscucharnos",28,119,882
155,"El Estado debe enfocarse en 3 pilares básicos para la lucha contra la violencia hacia las mujeres: prevenir, sancionar y reparar. Es fundamental el acompañamiento y combatir los estigmas en torno a la mujer agredida. 

: 
@WQRadio_Ec
.",64,276,"2,4 mil"
156,"La violencia psicológica y física hacia las mujeres termina en femicidios. Hay que reconocer que la sociedad ecuatoriana es machista y el cambio empieza con la voluntad de un Presidente que se comprometa a garantizar los derechos de la mujer. 

: 
@WQRadio_Ec
.",824,1400,"10,3 mil"
157,"Las propuestas nacen de la gente, de lo que uno escucha en cada rincón del Ecuador. Mi compromiso es contribuir a la lucha contra la desigualdad laboral e impulsar el emprendimiento, para que las mujeres gocen de independencia económica. 

: 
@WQRadio_Ec
.",252,517,"3,3 mil"
158,"Ser madre no debe limitar la vida profesional. Tanto en el sector público como el privado, promoveremos guarderías con salas de lactancia para que las mujeres continúen con sus trabajos y cuidando a sus hijos. 

: 
@WQRadio_Ec
.",238,1000,"5,4 mil"
159,"Encontrémonos para que nunca más las mujeres pierdan el sueño por la falta de trabajo. 

Abramos espacios en el mercado laboral y construyamos un Ecuador donde todas vivan empoderadas, tengan sus propios ingresos y sean independientes.

#EncontrémonosParaEscucharnos",121,626,"4,5 mil"
160,"“Todos saben mi posición de defender la vida desde su concepción, y morirè pensando así pero no estoy de acuerdo con una legislación que condene a cárcel una mujer que aborte por violación. Sería terminar de dañarla .. “ dijo 
@LassoGuillermo
  en 
@WQRadio_EC",255,1000,"8,5 mil"
161,"Al aire: Periodistas ecuatorianas mujeres participan en programa especial por el #DiaDeLaMujer con el candidato presidencial ⁦
@LassoGuillermo
 por la 102.1fm ⁦
@WQRadio_EC
⁩",228,844,"5,5 mil"
162,"Un abrazo fraterno en estos #50AñosDeHistoria de una gran institución como es el 
@DCuencaOficial
, #Cuenquita, como todos de cariño le decimos.

Sigan cosechando alegrías, triunfos y emociones indescriptibles para todas las cuencanas y cuencanos. Viva el Cuenquita .",661,1600,"13,7 mil"
163,"Gracias a mis hermanos por este regalo. Me han llenado de ánimo, realmente no me lo esperaba .

https://vm.tiktok.com/ZMeMeX7rY/",65,594,"2,6 mil"
164,"Encontrémonos por el empleo hoy a las 17h30.

Dejen sus preguntas, los espero . 

#EncontrémonosPorElEmpleo",52,291,"2,2 mil"
165,"Hoy la 
@PoliciaEcuador
 conmemora 83 años de profesionalización y 175 de institucionalización. Saludo a las mujeres y los hombres que están comprometidos con la seguridad ciudadana y sirven al país con valentía para mantener el orden público .",26,325,"2,1 mil"
166,"Hay que incluir a las zonas rurales en la visión de país. Nuestra propuesta ofrece salud y educación de calidad, seguridad ciudadana, internet gratis, capacitaciones y asistencia técnica, carreteras y caminos vecinales y una vida de oportunidades.

: Cadena Radial.",92,206,"1,6 mil"
167,"En nuestro gobierno la vacuna será GRATIS. Primero el personal médico y grupos vulnerables, y luego el resto de la población. La salud ES reactivación económica. Con un Plan de Vacunación transparente y eficaz cumpliremos nuestra meta.

: Cadena Radial.",85,210,"1,7 mil"
168,"A todo el Ecuador: conversemos y unamos nuestras visiones del futuro. Lo más importante es escuchar a los ciudadanos porque ellos tienen el poder del voto. Hay que responder sus inquietudes y atender preocupaciones.

: 
@Gamavisionecu
.",241,501,"4,1 mil"
169,"Un Presidente de la República debe promover el encuentro entre ecuatorianos. Nuestra propuesta busca unir al país y enfrentar las crisis con capacidad y experiencia. Y no solo es conversar, sino acordar y comprometerse al verdadero cambio.  

: 
@Gamavisionecu
.",480,1500,"7,9 mil"
170,"Ser madre no debe ser un limitante para ejercer una profesión. Vamos a generar políticas e incentivos que contribuyan a la construcción de guarderías públicas y en las empresas. Crearemos las condiciones para que concilien el trabajo con la vida familiar. 

: 
@NTN24Zoom
.",594,2100,12 mil
171,"Hay que tener las mejores relaciones con todos los países. En mí van a encontrar un aliado todos los gobiernos democráticos del mundo. Mi primer interés es el bienestar de los ciudadanos ecuatorianos. 

: 
@NTN24Zoom
.",118,229,"2,2 mil"
172,"Soy el menor de una familia de 11 hermanos. Trabajé desde los 14 años y no he parado. Todo lo que he logrado en mi vida es por luchar y siempre mirar hacia el futuro. Ahora quiero hacer lo mismo para el Ecuador, encontrándonos. 

: 
@NTN24Zoom
.",509,1500,"12,9 mil"
173,"Hoy #26FEB, entrevista exclusiva de 
@andrebernal26
 a 
@LassoGuillermo
, candidato presidencial de Ecuador | Sintonice 
@NTN24Zoom
 a las 3:00PM de Quito, por la señal de 
@NTN24",217,751,"4,5 mil"
174,"Hacemos un llamado al candidato 
@ecuarauz
 a que haga una campaña limpia y no use a los trolls correístas para difundir noticias falsas. 
@LassoGuillermo
 no ha sido vacunado contra el #COVID19 y no ha recibido ninguna “invitación” del Ministro de Salud.",119,381,"3,4 mil"
175,"El proceso de vacunación debe incluir a más actores. Hoy vemos a un municipio, no solo al Gobierno en la compra de vacunas. Así se llegará a más ecuatorianos. Desde ahora, con el Dr. 
@ABorreroVega
 estamos trabajando en un Plan eficiente y transparente. 

: 
@teleamazonasec
.",389,1000,"9,2 mil"
176,"La economía, la lucha contra la corrupción, la salud y la seguridad ciudadana continuarán siendo pilares fundamentales de nuestro Plan de Gobierno. Con su apoyo, incluiremos más y mejores propuestas de medio ambiente, arte y cultura, mujeres y jóvenes. 

: 
@teleamazonasec
.",221,756,"5,4 mil"
177,"Hay que adaptarse a los tiempos modernos y hacer cambios. Seguiré siendo el mismo Guillermo Lasso, pero los he escuchado. Estamos listos para trabajar con todos los ciudadanos y llegar al Ecuador del encuentro. 

: 
@teleamazonasec
.",77,395,"3,4 mil"
178,"Ya estamos en TikTok .

http://vm.tiktok.com/ZMe2QrUyS/",19,139,855
179,"La cárcel de Turi en Cuenca era regional y la hicieron nacional, arriesgando el sistema penitenciario. Es inaceptable la inacción del gobierno. Necesitamos un liderazgo firme, que libere a las cárceles del control del crimen organizado y las mafias.",443,1200,10 mil
180,Me uno a la petición de no circular los videos sobre los amotinamientos. Hay familias que han sufrido pérdidas dolorosas y merecen el debido respeto. Mis más sinceras condolencias en estos momentos difíciles.,49,222,"2,2 mil"
181,"Lo sucedido en las cárceles de Cuenca, Latacunga y Guayaquil es lamentable. Es necesario reformar nuestro sistema penitenciario. Hay que establecer un enfoque de rehabilitación, que vele por la seguridad de las personas privadas de libertad, la Policía Nacional y los ciudadanos.",466,1800,"20,5 mil"
182,Muchas gracias a quienes se conectaron al EN VIVO. Seguiremos teniendo más encuentros en nuestras redes sociales. Un abrazo.,294,1200,"6,4 mil"
183,"Hola, estamos EN VIVO en mi cuenta de Facebook, vayan y dejen sus preguntas con el hashtag #PuntoDeEncuentro . 

FB: https://facebook.com/LassoGuillermo/videos/230615382090666/…

¡Los espero!",83,706,"5,5 mil"
184,Durante nuestro Gobierno reformaremos el régimen penitenciario y carcelario para evitar el hacinamiento y cortar las conexiones con las mafias locales e internacionales.,62,573,4 mil
185,"Mi total respaldo con la 
@PoliciaEcuador
 ante la nueva crisis que se está sufriendo en la cárceles del país, fruto del hacinamiento y de la influencia del crimen organizado.",707,4100,"16,3 mil"
186,"Felicito a la Señora Fiscal 
@DianaSalazarM2
 por el reconocimiento que recibió del Departamento de Estado de EEUU, por su lucha frontal y eficaz contra la corrupción.",40,512,"4,4 mil"
187,"Vamos a reducir el exceso de impuestos, atraer inversión, abrir la economía al mundo, garantizar los servicios básicos y promover la generación de empleo. Estamos listos para empezar el camino hacia el verdadero cambio. 

: 
@elcomerciocom
.",134,1200,"9,2 mil"
188,"La vacunación debe ser el principal punto del programa económico de un futuro gobierno. Lo dije en primera vuelta. La salud de los ciudadanos ecuatorianos es el primer paso para prender el motor del país y reactivar la economía. 

: 
@elcomerciocom
.",198,1100,"8,3 mil"
189,"Los jóvenes buscan ser autónomos, quieren emprender y ellos generar empleo. En nuestro gobierno impulsaremos las iniciativas de emprendimiento de cada joven en Ecuador con menos trabas y más libertad. 

: 
@eluniversocom
.",165,1300,"7,7 mil"
190,"Mi campaña en primera vuelta se basó en el empleo, la lucha contra la corrupción, la salud y la seguridad ciudadana. Reconozco que hay causas que movieron el voto de los ecuatorianos que debemos incluir en nuestro Plan de Gobierno.

: 
@eluniversocom
.",2300.0,7900,"50,6 mil"
191,"Veo la segunda vuelta como la oportunidad de liderar un gran diálogo nacional y poder conversar entre nosotros para el desarrollo del país. Comprendí con absoluta claridad que las puertas deben abrirse e incluir propuestas distintas a las mías. 

: Rueda de Prensa en Quito.",703,3400,"17,1 mil"
192,"Voy a extender la mano a quienes piensan diferente a mí. Cuando sea Presidente del Ecuador, generaremos intercambios de ideas y complementaremos para construir un mejor país. Mi propósito es la felicidad de todos los ecuatorianos. 

: Rueda de Prensa en Quito.",3200.0,11200,"45,8 mil"
193,"Quiero agradecer a todos los ecuatorianos que optaron por otras opciones políticas. He escuchado su pedido de que incluya sus causas: el medio ambiente, el desarrollo sostenible, la igualdad de género y los derechos humanos.  

: Rueda de Prensa en Quito.",1800.0,4700,22 mil
194,"#ElEcuadorDelEncuentro es un país donde todos los ecuatorianos puedan conversar, opinar y complementarse. Juntos sentaremos las bases para crear una sociedad viable, donde cada familia sea feliz y tenga una mejor vida.

: Rueda de Prensa en Quito.",1100.0,3300,"21,1 mil"
195,"Un Presidente tiene que promover la participación de todos los ecuatorianos. Yo tengo la obligación de escuchar y eso es lo que le propongo al país. Llevaré a cabo diálogos con todos los sectores de la sociedad que tengan algo que decirme. 

: 
@ecuavisa
.",455,1400,"8,6 mil"
196,"Los resultados son oficiales: ya estamos en segunda vuelta. En la narrativa de la campaña y en el Plan de Gobierno incluiremos nuevas  propuestas para llegar a #ElEcuadorDelEncuentro, donde todos tengan un espacio para vivir en paz. 

: 
@ecuavisa
.",681,2400,"11,9 mil"
197,"¡Vamos a la segunda vuelta con ánimo y optimismo!

Conmigo siempre habrá el espacio para tener un diálogo frontal y sincero que sume al objetivo de conseguir juntos #ElEcuadorDelEncuentro.",212,1100,"4,7 mil"
198,"Es importante remarcar que la autoridad competente dentro del proceso es el Consejo Nacional Electoral.

No es momento de temores, de defender a personas o intereses particulares. 

Es momento de defender y fortalecer la democracia.",112,621,"2,4 mil"
199,"Quiero alertar a la ciudadanía que en las últimas horas se han producido hechos que deberían alarmar a todos quienes defendemos la democracia en Ecuador.

1. Se ha retirado parcialmente el resguardo policial al 
@cnegobec
2. Han intervenido algunas autoridades ajenas al proceso.",117,764,3 mil
200,"Reconocemos tu voz y te escuchamos. Podemos construir un mejor Ecuador encontrándonos. 

Que la diversidad que nos hace únicos, también nos una. #ElEcuadorDelEncuentro",322,1100,"4,4 mil"
201,Más claro no puede ser .,166,740,"2,4 mil"
202,"No sé si exagero, pero me parece que un mínimo de coherencia y buena fe, mientras se ejecuta el acuerdo de reconteo, es que Yaku deje de insultar a Lasso.",614,2100,"8,4 mil"
203,"Dije que tendrían EMPATÍA, no INGENUIDAD.
@yakuperezg
 le hace fraude al acuerdo, y al Ecuador, enviando una carta PRIVADA al CNE, imponiendo condiciones no acordadas (qué provincias y actas abrir).

Parecen no buscar transparencia sino JUSTIFICAR SU DERROTA. Esto no es un juego.",202,842,"2,9 mil"
204,Son los votos de los ciudadanos y no las encuestas quienes deben determinar los candidatos que pasen a la segunda vuelta. El pueblo ya me escogió a mí y no a usted. Respete la voluntad popular.,173,607,"2,2 mil"
205,"Candidato 
@yakuperezg
, no voy a caer en sus provocaciones; la verificación contable solicitada por usted debe ser transparente y jamás obedecer a sus intentos de fraude y caos en la democracia.",161,1000,"4,7 mil"
206,"Candidato Pérez, un proceso de diálogo no admite coerción contra las autoridades electorales como la denuncia planteada por usted ante la Fiscalía, intentando presionar para que hagan lo que usted desea y no lo que deben hacer por la transparencia. Eso no es jugar limpio.",135,741,"2,3 mil"
207,"El recuento solicitado por usted no puede tener dedicatoria, no puede prestarse a la sospecha de fraude. Son las autoridades electorales las que tienen que escoger bajo un método aleatorio las mesas a verificar y no usted.",118,404,"1,7 mil"
208,Resulta inoficioso y costoso en tiempo y recursos económicos verificar contablemente votos en provincias donde usted me ganó ampliamente y yo no las he objetado.,193,837,"3,2 mil"
209,"El acuerdo quedó en manos de la autoridad electoral para definir detalles de recintos y mesas sobre las que se realizaría la verificación contable de votos. En ningún caso se acordó que sería usted, como lo ha dicho en su carta el sáb. 13, quien escoja las mesas. No es correcto.",100,490,"1,6 mil"
210,"Señor candidato 
@yakuperezg
 para mí la política no es un juego, es una permanente actitud de servicio a todos los ecuatorianos sin discriminación alguna.",324,1200,4 mil
211,"Hoy he presentado una carta a 
@DianaAtamaint
, presidenta del CNE, sobre el proceso de reconteo de votos acordado el viernes 12.

Les comparto el documento.",303,921,"3,8 mil"
212,"Los ecuatorianos nos hacen un llamado a la unidad. Por encima de las diferencias, el país es lo primero.

#EcuadorUNIDO",124,607,"2,2 mil"
213,"Es mi decisión de liderar junto a ustedes un proyecto de país donde se respeten sus ideas, sus causas y en donde toda esa diversidad de propuestas a las cuales apoyaron el 7 de febrero sean incluidas.

#EcuadorUNIDO",144,738,"3,4 mil"
214,"Hoy debe primar el bienestar de todos los ecuatorianos, por eso acepto la invitación del candidato 
@yakuperezg
 el día de mañana en Quito para conversar sobre el futuro del Ecuador delante del CNE y los observadores internacionales.

#EcuadorUNIDO",160,674,"2,5 mil"
215,"En 1 minuto estamos EN VIVO.

Los esperamos en Facebook. 

#EcuadorUNIDO",163,797,"3,2 mil"
216,"Hoy, a las 18h15, mis declaraciones sobre el proceso electoral.

FB: https://facebook.com/LassoGuillermo/posts/5072120476162488…

#EcuadorUNIDO",66,406,"1,3 mil"
217,"De acuerdo con 
@xhervas
, ese es el camino. Debemos unirnos y apoyar la opción democrática que los ecuatorianos decidan que pase a la segunda vuelta. Y luego llegar a acuerdos de gobernabilidad.",490,1400,6 mil
218,"Hay que respetar la voluntad popular expresada el 7 de febrero por lo que todos los votos deben ser contados.  

Hago un llamado a la tranquilidad mientras esperamos los resultados oficiales y a la unidad, a los que creemos en la democracia y en las oportunidades para todos.",138,630,"2,6 mil"
219,"¡AHORA! Rueda de prensa sobre las elecciones de 2021.

FB: https://facebook.com/LassoGuillermo/posts/5056504651057404…
YT: https://youtu.be/ivKXiQffPe8

#EcuadorConLasso",331,1200,"3,6 mil"
220,"#EcuadorConLasso
#YaVotéPorElCambio",847,2400,"9,9 mil"
221,"El pueblo ecuatoriano es claro y contundente: el espíritu del CAMBIO va a triunfar .

¡VOTA TODO 21-6!

#EcuadorConLasso
#YaVotéPorElCambio",103,441,"1,4 mil"
222,"¡SEGUIMOS! 

Únete al Informativo CAMBIO 2021, donde podrás enterarte de las noticias de este proceso electoral y las votaciones de los candidatos de 
@CREOEcuador
 . Empezamos 15h00 .

FB: https://facebook.com/LassoGuillermo/posts/5054950274546175…
YT: https://youtu.be/Hr6MhVN70T0

#EcuadorConLasso
#YaVotéPorElCambio",97,490,"1,6 mil"
223,"EL CAMBIO YA SE SIENTE EN TODO EL ECUADOR .

¡VOTA TODO 21-6!

#EcuadorConLasso
#YaVotéPorElCambio",120,524,"2,3 mil"
224,"TU VOTO POR LA 21-6 RESCATARÁ AL ECUADOR .  

#EcuadorConLasso
#YaVotéPorElCambio",65,209,777
225,"Mi familia, mi punto de apoyo .

#EcuadorConLasso
#YaVotéPorElCambio",456,890,"6,4 mil"
226,"Aplicaremos MANO DE HIERRO a la delincuencia y generaremos seguridad para crear empleo . 

¡VOTA TODO 21-6!

#EcuadorConLasso
#YaVotéPorElCambio",109,413,"1,3 mil"
227,"¡ESTAMOS EN VIVO! 

Te esperamos en esta gran transmisión del día de las elecciones desde nuestras redes sociales . 

VOTA TODO 21-6 .

#EcuadorConLasso 
#YaVotéPorElCambio",109,657,"2,1 mil"
228,"Únete al Informativo CAMBIO 2021 donde podrás conocer el minuto a minuto del proceso electoral y la votación de los candidatos de la LISTA 21 este 7 DE FEBRERO desde las 9H00.

FB: https://facebook.com/LassoGuillermo/posts/5052416844799518…
YT: https://youtu.be/EyBT-6vj6xY

#EcuadorConLasso
#YaVotéPorElCambio",195,621,"2,5 mil"
229,"TENEMOS LA CAPACIDAD PARA RESCATAR AL ECUADOR .  

¡VOTA TODO 21-6!   

#EcuadorConLasso
#YaVotéPorElCambio",142,667,"2,5 mil"
230,"Con empleos bien pagados, aumentaremos los ingresos de los ecuatorianos.   

Nuestra meta siempre ha sido tu prosperidad . 

#EcuadorConLasso
#YoVotoPorElCambio
#ElCambioEsLa21",80,364,1 mil
231,"El 7 de febrero, SAL A VOTAR POR LA CAPACIDAD PARA CAMBIAR . 

El CAMBIO está en tus manos. Tú decides por la opción del empleo y la prosperidad.  

¡VOTA TODO 21-6!

#EcuadorConLasso .",389,1000,"4,7 mil"
232,"¡1 DÍA!   

Ecuador tendrá unas elecciones históricas. Que tu voto sea por la democracia, la libertad y la creación de empleos.   

Vota por tu país, por la #CapacidadParaCambiar y por el futuro. VOTA TODO 21-6 .   

EL CAMBIO ESTÁ EN NUESTRAS MANOS .  

#EcuadorConLasso",103,429,"1,3 mil"
233,"¡ESTE ES EL ECUADOR DEL EMPLEO!

El que juntos vamos a lograr con #CapacidadParaCambiar .

VOTA TODO 21-6 . 

#EcuadorConLasso
#LassoPresidente2021",373,1200,"4,9 mil"
234,"Ecuador y Guayaquil votan todo 21-6, la opción con la CAPACIDAD PARA CAMBIAR. 
@creoecuador
 @la6ecuador
 

#EcuadorConLasso
#LassoPresidente2021",129,467,"1,4 mil"
235,"Gracias Presidente 
@tutoquiroga
 por su mensaje y apoyo a esta causa. América Latina volverá a ser una región próspera y llena de oportunidades. Este 7 de febrero, #EcuadorConLasso . Un abrazo.",312,964,"3,8 mil"
236,"Este 7 de febrero, VAMOS A GANAR . 

Gracias a 
@CynthiaViteri6
, 
@jaimenebotsaadi
 y a 
@La6Ecuador
 por unirse al CAMBIO con 
@CREOEcuador
. 

A todos quienes se han unido en el camino, les agradezco por su confianza en nosotros.

¡Gracias Ecuador! 

#EcuadorConLasso
#LassoYaGanó",920,2100,"6,9 mil"
237,"¡SAL A VOTAR POR EL CAMBIO! 

Este 7 de febrero tú decides. Vota por ti y tu familia, VOTA por la capacidad de construir un Ecuador con EMPLEO y oportunidades.

VOTA TODO 21-6 . 

#EcuadorConLasso 
#YoVotoPorElCambio 
#LassoPresidente2021",347,1100,"5,5 mil"
238,"Salgamos a votar. El 7 de febrero no es una elección cualquiera. Está en tus manos evitar que lleven al Ecuador a la miseria o escoger la opción con la CAPACIDAD PARA CAMBIAR junto a la alianza 21-6. 

Te invito a VOTAR POR EL CAMBIO .

: 
@Vera_ASuManera
.

#EcuadorConLasso",124,474,"1,3 mil"
239,"HAY QUE APLICAR MANO DE HIERRO PARA ACABAR CON LA DELINCUENCIA .

Con liderazgo, le daremos el respaldo político a la fuerza pública del Ecuador. LA SEGURIDAD CREA EMPLEOS . 

: 
@Vera_ASuManera
.

#EcuadorConLasso",114,431,"1,8 mil"
240,"Mi gobierno llevará a cabo el proceso de vacunación con vacunas aprobadas por la FDA o la Unión Europea. Hay que desideologizar el plan para vacunar a los ecuatorianos, SIN SALUD NO HAY REACTIVACIÓN ECONÓMICA.

: 
@Vera_ASuManera
.

#EcuadorConLasso",484,987,"2,6 mil"
241,"Durante los 4 años de gobierno vamos a provocar un SHOCK DE INVERSIÓN para la generación de empleo. ¡Abriremos la puerta de las oportunidades! Trabajaremos por la prosperidad de todos . 

: 
@Vera_ASuManera
.

#EcuadorConLasso",124,456,"1,4 mil"
242,"Yo quiero construir unidad en el Ecuador. ¡Unidos respetando la diversidad! No es lo más común en la política, pero ante las crisis que enfrentamos debemos escoger al país primero. 

: 
@Vera_ASuManera
.

#EcuadorConLasso",40,174,667
243,"Jamás apoyaré a quienes negocian con terroristas en el exterior y reciben dinero para su campaña, a quienes han perseguido a los ecuatorianos y destruido al país. Que ellos se queden en el pasado, este 7 de febrero VOTA POR EL CAMBIO .

: #VeraASuManera.

#EcuadorConLasso",72,345,"1,4 mil"
244,"Hoy, 4 de febrero, entrevista con 
@CarlosVerareal
 en 
@tctelevision
 . 

Podrán acompañarme en nuestra transmisión EN VIVO desde mis redes sociales .

FB: https://facebook.com/LassoGuillermo/posts/5042286369145899…
YT: https://youtu.be/CniYRzTl1Pk

#LassoPresidente2021 
#EcuadorConLasso 
#LassoYaGanó",80,415,"1,3 mil"
245,"¡EL CAMBIO YA VIENE! 

Por todas las calles de Guayaquil sentimos el apoyo de la gente 

VOTA TODO 21-6 ESTE 7 DE FEBRERO .

#CapacidadParaCambiar 
#LassoPresidente2021",27,148,632
246,¡EL CAMBIO YA SE SIENTE!,142,498,"1,7 mil"
247,"¡HOY! 

Te esperamos en la 9 de octubre para celebrar la llegada del CAMBIO .

VAMOS CON CAPACIDAD PARA CAMBIAR .

#CapacidadParaCambiar 
#LassoPresidente2021",159,637,"2,2 mil"
248,"¡LOS SUBSIDIOS SON PARA LOS POBRES!

#CapacidadParaCambiar
#LassoPresidente2021",166,481,"2,2 mil"
249,"Tenemos una gran tarea por delante: superar la crisis económica, sanitaria, de seguridad ciudadana y de corrupción. Contamos con el Plan de Gobierno y un gran grupo de ecuatorianos para empezar el CAMBIO. 

: Rueda de Prensa en Guayaquil. 

#LassoPresidente2021",408,1400,"4,7 mil"
250,"El Estado no tiene un solo centavo. Por eso tenemos que promover la inversión para la generación de empleo. 

QUE EL ECUADOR VUELVA A SER UN PAÍS PRÓSPERO .

: Rueda de Prensa en Guayaquil. 

#LassoPresidente2021",113,303,"1,1 mil"
251,"El pueblo ecuatoriano está cansado de 14 años de Socialismo del Siglo XXI. ¡Quieren el CAMBIO! Nosotros representamos la alternativa de los empleos bien pagados, una economía en crecimiento y oportunidades para todos.

: Rueda de Prensa en Guayaquil. 

#LassoPresidente2021",39,60,367
252,"¡QUITO YA SE DECIDIÓ POR EL CAMBIO!

El apoyo de los quiteños se siente a 4 días de las elecciones. Ya estamos en la recta final, listos para trabajar por un Ecuador de oportunidades . 

#CapacidadParaCambiar
#LassoPresidente2021",137,378,"1,3 mil"
253,"¡ESTAMOS EN VIVO! 

Únete a la GRAN CARAVANA del cierre de campaña en Quito con la familia de 
@CREOEcuador
 . 

En el siguiente link podrán acompañarnos: https://facebook.com/LassoGuillermo/videos/512097899761467/…

EL CAMBIO YA LLEGA . 

#CapacidadParaCambiar 
#LassoPresidente2021",195,490,"1,9 mil"
254,"¡MÁS EMPLEO PARA LAS MUJERES ECUATORIANAS!

Nuestro #CompromisoFirmado es aumentar el salario básico hasta $500, para que las mujeres ecuatorianas puedan empoderarse y sacar adelante a sus familias. 

¡EL CAMBIO VIENE !

#CapacidadParaCambiar
#LassoPresidente2021",226,735,"3,2 mil"
255,"¡LA GRAN FIESTA DEL CAMBIO! 

Acompáñanos mañana en una caravana por Guayaquil con 
@jaimenebotsaadi
, 
@CREOEcuador
 y 
@La6Ecuador
 . 

Te esperamos con tu familia, amigos y todos tus seres queridos en la 9 de Octubre.

#LassoPresidente2021",93,337,1 mil
256,"¡SALGAMOS A VOTAR! 

Sigamos los protocolos y las recomendaciones, y juntos evitemos el sufrimiento de 4 años más del Socialismo del Siglo XXI. 

En estas elecciones, EL CAMBIO VIENE CON LA 21-6 . 

: Cierre de campaña en Cuenca.

#LassoPresidente2021",96,361,1 mil
257,"No dejes que otros decidan por ti, sal tú a decidir por tus hijos, tus nietos, tu familia y TU FUTURO. 

VOTAR POR LA ALIANZA 21-6 ES VOTAR POR UN ECUADOR DE OPORTUNIDADES . 

: Cierre de campaña en Cuenca.

#LassoPresidente2021",58,247,862
258,"MANTA ABRE SUS PUERTAS AL CAMBIO . 

La alianza 21 - 6 trabaja en Manabí por más ingresos para la gente, agua potable en las casas y la teleprosperidad. 

Juntos tenemos la #CapacidasParaCambiar .

#LassoPresidente2021",55,217,714
259,"¡RESCATAREMOS AL ECUADOR! 

#CapacidadParaCambiar 
#LassoPresidente2021",146,420,"1,4 mil"
260,"¡ESTAMOS EN VIVO! Nos pueden acompañar en este recorrido con 
@La6Ecuador
 desde mi Facebook .

Les comparto el link: https://facebook.com/LassoGuillermo/videos/714373272807170…

Un abrazo a todos los manabitas.

#CapacidadParaCambiar
#LassoPresidente2021",58,184,674
261,"¡AHORA! Estamos recorriendo la maravillosa ciudad de Manta con 
@La6Ecuador
 . Muchas gracias por su cariño y apoyo en este gran visita por Manabí. 

EL CAMBIO YA LLEGA .

#CapacidadParaCambiar 
#LassoPresidente2021",184,525,"2,1 mil"
262,"Los dos objetivos prioritarios de mi gobierno serán: Plan de Vacunación y MANO DE HIERRO para luchar contra la delincuencia.

#CapacidadParaCambiar
#LassoPresidente2021",102,456,"1,6 mil"
263,"HAY QUE ATRAER LA INVERSIÓN .

Tenemos la capacidad de establecer alianzas público - privadas que nos permitirán dar solvencia al Estado y generar confianza local e internacional para poder reactivar la economía. 

: Rueda de Prensa en Portoviejo. 

#LassoPresidente2021",451,1200,8 mil
264,"Mis propuestas para Manabí: Créditos a 30 años plazo y al 1% de interés, junto con obras de infraestructura en proyectos vecinales para el agro. Además, impulsaremos programas de agua potable y electricidad. 

: Rueda de Prensa en Portoviejo. 

#LassoPresidente2021",117,339,"1,2 mil"
265,"Junto a 
@ABorreroVega
, conseguiremos diversificar los proveedores de vacunas y ejecutar un programa de vacunación masivo de 9 millones de ecuatorianos en 100 días. La meta: proteger la vida de la población y reactivar la economía.

: 
@majestadradioec
. 

#LassoPresidente2021",101,318,"1,4 mil"
266,"Nuestra propuesta busca EL CRECIMIENTO ECONÓMICO Y LA JUSTICIA SOCIAL. Aumentaremos el salario básico hasta $500, reduciremos impuestos y aranceles, y eliminaremos el ISD para el beneficio de los trabajadores y el sector privado.

: 
@majestadradioec
. 

#LassoPresidente2021",66,309,1 mil
267,"“Lasso va a subir a $500 dólares el salario básico” - 
@jaimenebotsaadi
.

#CapacidadParaCambiar
#LasosPresidente2021",156,365,"1,6 mil"
268,"En las relaciones internacionales serán prioridad los intereses del pueblo ecuatoriano. Debemos fortalecer los lazos con países como Estados Unidos, nuestro principal socio comercial. ¡Vamos por más Ecuador en el mundo! 

: 
@CNNEE
. 

#concluLASSO 
#LassoPresidente2021",147,468,"1,4 mil"
269,"Solo 3 de cada 10 ecuatorianos tienen un empleo formal. La pandemia destruyó más de 700.000 trabajos y los malos gobiernos alrededor de 1 millón 300 mil. Nuestro objetivo: CREAR 2 MILLONES DE EMPLEOS DIGNOS Y BIEN PAGADOS. 

: 
@CNNEE
.

#concluLASSO
#LassoPresidente2021",120,345,"1,1 mil"
270,"Nadie le entrega al quemeimportismo el futuro de los hijos y su propio presente. Este 7 de febrero, el voto debe ser responsable y serio. Con #CapacidadParaCambiar, lucharemos por el crecimiento económico y la justicia social.

: 
@CNNEE
.

#concluLASSO 
#LassoPresidente2021",161,403,"1,8 mil"
271,"La crisis económica y la pandemia han golpeado el estado de ánimo de los ecuatorianos: sienten desesperanza. Por eso proponemos un modelo de gestión que promueva la libertad para crear empleo y construir un mejor futuro. 

: 
@CNNEE
.

#concluLASSO 
#LassoPresidente2021",150,360,"1,6 mil"
272,"El CAMBIO es por la democracia, la libertad y un Ecuador de oportunidades. Vamos a ir por el camino de la prosperidad para sacar adelante a las familias ecuatorianas. 

: 
@CNNEE
.

#concluLASSO 
#LassoPresidente2021",96,336,"1,3 mil"
273,"Podrán acompañarme a la entrevista en los siguientes links .

YT: https://youtu.be/Srf7aJv5T1k
FB: https://facebook.com/LassoGuillermo/posts/5030340290340507…

¡Vamos con #CapacidadParaCambiar!

#LassoPresidente2021",364,567,"1,8 mil"
274,"¡Estamos en el Distrito 1 de Guayas con 
@JuanPHidalgoC
! En este gran recorrido me acompaña 
@MLAlcivar
 y toda mi familia . Un abrazo y nos vemos por la Parroquia Ximena. 

#CapacidadParaCambiar 
#LassoPresidente2021",208,274,846
275,"Esta noche 
@soyfdelrincon
 entrevista en Conclusiones a 
@LassoGuillermo
, candidato a la presidencia de #Ecuador por el movimiento político Creando Oportunidades #CREO. Tus preguntas, con la etiqueta #concluLASSO",117,279,"1,1 mil"
276,"¡Desde #Guayas trabajamos por el bien del país! 

Recibí a Guillermo Lasso, candidato a la presidencia del #Ecuador, conversamos sobre su plan de Gobierno y acciones conjuntas para lograr el desarrollo productivo de Guayas con un Plan de Riego, modernización vial e incentivos.",88,415,"1,3 mil"
277,"Los subsidios SON PARA LOS POBRES. No son para los ricos, ni para el narcotráfico, ni para el contrabando. 

#CapacidadParaCambiar 
#LassoPresidente2021",132,346,"1,2 mil"
278,"En 6 días tenemos una responsabilidad histórica: VOTAR POR LA CAPACIDAD PARA CAMBIAR . 

En estas elecciones, #ElCambioEstáEnTusManos .

#LassoPresidente2021",172,561,2 mil
279,"Las 4 claves de mi Plan de Gobierno: fortalecer la dolarización, luchar contra la delincuencia, aumentar el salario básico hasta $500 y vacunar a 9 millones de ecuatorianos en 100 días.

#CapacidadParaCambiar
#LassoPresidente2021",96,449,"1,8 mil"
280,"¡Estamos en el Distrito 1 de Guayas con 
@JuanPHidalgoC
! En este gran recorrido me acompaña 
@MLAlcivar
 y toda mi familia . Un abrazo y nos vemos por la Parroquia Ximena. 

#CapacidadParaCambiar 
#LassoPresidente2021",192,670,"2,4 mil"
281,"Esta noche 
@soyfdelrincon
 entrevista en Conclusiones a 
@LassoGuillermo
, candidato a la presidencia de #Ecuador por el movimiento político Creando Oportunidades #CREO. Tus preguntas, con la etiqueta #concluLASSO",2000.0,1600,"4,2 mil"
282,"¡Desde #Guayas trabajamos por el bien del país! 

Recibí a Guillermo Lasso, candidato a la presidencia del #Ecuador, conversamos sobre su plan de Gobierno y acciones conjuntas para lograr el desarrollo productivo de Guayas con un Plan de Riego, modernización vial e incentivos.",140,389,"1,2 mil"
283,"Los subsidios SON PARA LOS POBRES. No son para los ricos, ni para el narcotráfico, ni para el contrabando. 

#CapacidadParaCambiar 
#LassoPresidente2021",318,1000,"3,6 mil"
284,"En 6 días tenemos una responsabilidad histórica: VOTAR POR LA CAPACIDAD PARA CAMBIAR . 

En estas elecciones, #ElCambioEstáEnTusManos .

#LassoPresidente2021",69,284,992
285,"Las 4 claves de mi Plan de Gobierno: fortalecer la dolarización, luchar contra la delincuencia, aumentar el salario básico hasta $500 y vacunar a 9 millones de ecuatorianos en 100 días.

#CapacidadParaCambiar
#LassoPresidente2021",80,204,776
286,"¡Estamos en el Distrito 1 de Guayas con 
@JuanPHidalgoC
! En este gran recorrido me acompaña 
@MLAlcivar
 y toda mi familia . Un abrazo y nos vemos por la Parroquia Ximena. 

#CapacidadParaCambiar 
#LassoPresidente2021",166,310,"1,9 mil"
287,"Esta noche 
@soyfdelrincon
 entrevista en Conclusiones a 
@LassoGuillermo
, candidato a la presidencia de #Ecuador por el movimiento político Creando Oportunidades #CREO. Tus preguntas, con la etiqueta #concluLASSO",251,630,"2,7 mil"
288,"¡Desde #Guayas trabajamos por el bien del país! 

Recibí a Guillermo Lasso, candidato a la presidencia del #Ecuador, conversamos sobre su plan de Gobierno y acciones conjuntas para lograr el desarrollo productivo de Guayas con un Plan de Riego, modernización vial e incentivos.",573,1400,"8,7 mil"
289,"Los subsidios SON PARA LOS POBRES. No son para los ricos, ni para el narcotráfico, ni para el contrabando. 

#CapacidadParaCambiar 
#LassoPresidente2021",995,2100,"6,8 mil"
290,"En 6 días tenemos una responsabilidad histórica: VOTAR POR LA CAPACIDAD PARA CAMBIAR . 

En estas elecciones, #ElCambioEstáEnTusManos .

#LassoPresidente2021",150,855,"3,3 mil"
291,"Las 4 claves de mi Plan de Gobierno: fortalecer la dolarización, luchar contra la delincuencia, aumentar el salario básico hasta $500 y vacunar a 9 millones de ecuatorianos en 100 días.

#CapacidadParaCambiar
#LassoPresidente2021",231,1000,"2,7 mil"
292,"¡Estamos en el Distrito 1 de Guayas con 
@JuanPHidalgoC
! En este gran recorrido me acompaña 
@MLAlcivar
 y toda mi familia . Un abrazo y nos vemos por la Parroquia Ximena. 

#CapacidadParaCambiar 
#LassoPresidente2021",68,364,"1,2 mil"
293,"Esta noche 
@soyfdelrincon
 entrevista en Conclusiones a 
@LassoGuillermo
, candidato a la presidencia de #Ecuador por el movimiento político Creando Oportunidades #CREO. Tus preguntas, con la etiqueta #concluLASSO",87,601,"2,4 mil"
294,"¡Desde #Guayas trabajamos por el bien del país! 

Recibí a Guillermo Lasso, candidato a la presidencia del #Ecuador, conversamos sobre su plan de Gobierno y acciones conjuntas para lograr el desarrollo productivo de Guayas con un Plan de Riego, modernización vial e incentivos.",112,592,"1,7 mil"
295,"Los subsidios SON PARA LOS POBRES. No son para los ricos, ni para el narcotráfico, ni para el contrabando. 

#CapacidadParaCambiar 
#LassoPresidente2021",81,571,"2,1 mil"
296,"En 6 días tenemos una responsabilidad histórica: VOTAR POR LA CAPACIDAD PARA CAMBIAR . 

En estas elecciones, #ElCambioEstáEnTusManos .

#LassoPresidente2021",425,2100,"5,3 mil"
297,"Las 4 claves de mi Plan de Gobierno: fortalecer la dolarización, luchar contra la delincuencia, aumentar el salario básico hasta $500 y vacunar a 9 millones de ecuatorianos en 100 días.

#CapacidadParaCambiar
#LassoPresidente2021",221,549,"1,7 mil"
298,"¡Estamos en el Distrito 1 de Guayas con 
@JuanPHidalgoC
! En este gran recorrido me acompaña 
@MLAlcivar
 y toda mi familia . Un abrazo y nos vemos por la Parroquia Ximena. 

#CapacidadParaCambiar 
#LassoPresidente2021",175,354,"1,2 mil"
299,"Esta noche 
@soyfdelrincon
 entrevista en Conclusiones a 
@LassoGuillermo
, candidato a la presidencia de #Ecuador por el movimiento político Creando Oportunidades #CREO. Tus preguntas, con la etiqueta #concluLASSO",501,1000,"3,6 mil"
